번호, 제목, 등록일
1,한국지역난방공사 2016년도 신입 및 계약 직원 채용,2016-04-29
2,2017학년도 겨울학기 현장실습 시행 안내,2017-11-30
3,[SK하이닉스]단기 현장 실습 인턴십,2017-12-20
4,[한국기초과학지원연구원]2018년 연구장비엔지니어양성과정 ...,2018-01-09
5,[㈜볼트마이크로]소프트웨어 개발자 채용,2018-01-10
6,2018-1학기 장기현장실습 ICT 학점연계 프로젝트 인턴십 신청...,2018-01-30
7,[㈜데이터리셔스]2018 상반기 채용 공고,2018-02-07
8,[국제]정보처에서 함께 근무할 조교를 모집합니다.,2018-02-07
9,[㈜대교CNS]IT 기술 연구원 모집,2018-02-08
10,경희대학교 SW융합대학 2018년 실리콘밸리 인턴십(6개월),2018-02-22
11,삼성SDS 온라인 채용상담 및 회사초청간담회 안내,2018-02-22
12,2018학년도 1학기 취·창업스쿨 수강신청 안내,2018-02-28
13,2018학년도 여름학기 단기현장실습 안내,2018-03-07
14,2018 U/N 국제기구 Internship Program 선발 안내,2018-03-09
15,[현대오토에버]2018년 상반기 신입/인턴사원 공개채용 상담회...,2018-03-12
16,[삼양그룹]2018상반기 삼양그룹 신입사원 모집 및 캠퍼스 리...,2018-03-12
17,2018 상반기 CJ그룹 신입사원 모집 안내,2018-03-12
18,[마이다스아이티]2018 상반기 신입사원 열린채용 모집,2018-03-12
19,[네이버] 네이버 AI 해커톤 2018 개최 (~3.25(일) 까지),2018-03-13
20,[한화시스템]2018년 상반기 신입사원 모집(~3.28까지),2018-03-14
21,[셀트리온]2018 상반기 신입사원 공채 ,2018-03-16
22,[미래인재센터]경희매니지먼트 추천채용,2018-03-16
23,2018 1인 1멘토 평생멘토링 프로그램(7기) ,2018-03-19
24,[한화케미칼]2018 상반기 한화케미칼 신입사원 모집(~18.03.30까...,2018-03-19
25,2018학년도 전자정보대학/소프트웨어융합대학 개별취업컨설...,2018-03-19
26,한국대학교육협의회 신규 직원 채용 공고,2018-03-20
27,GE 초음파 연구소 Software Engineer 신입사원 모집(계약직),2018-03-20
28,[미래인재센터]이카운트 신입사원 모집 ,2018-03-20
29,[롯데백화점]2018상반기 롯데백화점 신입사원 모집 및 온라인...,2018-03-21
30,[네이버]네이버 AI 해커톤 2018 개최(~3.25(일)까지),2018-03-21
31,[셀트리온]2018 상반기 신입사원 공채 ,2018-03-22
32,[볼트마이크로]아이폰 앱 SW(소프트웨어) 개발자 채용,2018-03-23
33,[네이버 D2]학생 개발자의 기술적 성장을 위한 IT동아리 지원 ...,2018-03-26
34,[롯데백화점]2018 상반기 롯데백화점 신입사원 모집 및 온라...,2018-03-27
35,[한화케미칼]2018 상반기 한화케미칼 신입사원 모집(~18.03.30까...,2018-03-27
36,[KAI]2018년 상반기 대졸신입사원 공개채용(~4/10),2018-03-30
37,[DB그룹]2018 상반기 대졸신입사원 모집,2018-03-30
38,2018-하반기 장기현장실습 ICT 학점연계 프로젝트 인턴십 글로...,2018-04-02
39,[㈜한화/기계]2018년 상반기 신입사원 모집 안내(~4/16),2018-04-04
40,[골프존]2018년 골프존 인턴사원 모집공고(~4.22까지),2018-04-09
41,[㈜한화/기계]2018년 상반기 신입사원 모집 안내(~4/16),2018-04-10
42,[S-OIL]2018년 하계인턴 채용모집(~5.3(목)까지),2018-04-16
43,[우리에프아이에스]2018년 상반기 신입사원 채용 안내,2018-04-30
44,[동우화인켐㈜]2018년 상반기 신입 경력사원 공개 채용(~5월 9...,2018-05-03
45,[세아상역]2018 하반기 대졸 신입사원 공개채용(~5월 13일까지),2018-05-08
46,[한국암웨이]2018 글로벌 인턴십 7기 모집,2018-05-08
47,[코웨이]2018 상반기 채용 전제형 인턴사원 모집(~5/18),2018-05-08
48,[스마일게이트]2018 스마일게이트 직무체험 인턴십(~5/23) 모집...,2018-05-08
49,[동우화인켐㈜]2018년 상반기 신입경력사원 공개 채용(~5월9...,2018-05-09
50,2018년 현대자동차 연구개발본부 신입사원 상시 채용,2018-05-14
51,[Kakao i]석/박사 대상 카카오 연구지원 프로그램(kakao i RESEARCH ...,2018-05-14
52,[메디톡스]2018 Real Challenge Internship 인턴 채용 및 캠퍼스 리쿠...,2018-05-14
53,2018 COM2US SUMMER INTERNSHIP,2018-05-14
54,[원익그룹]2018 원익그룹 CS부문 대졸공채 모집(~06.10(일))까지,2018-05-29
55,[현대엔지비]현대차표준 SW플랫폼 기반 차량제어이해 과정 ...,2018-05-30
56,게임빌 SUMMER 인턴십(게임기획게임사업마케팅부문)모집 / ~6...,2018-06-01
57,[Hdac Technology AG] 2018 Hdac HACKATHON (~6/24),2018-06-01
58,[SK텔레콤]근무형 인턴십 추천채용,2018-06-07
59,[NHN엔터테인먼트]2018년 인프라보안 엔지니어 인턴 채용,2018-06-14
60,[미래인재센터]플랜잇파트너스 지원자 모집 안내,2018-06-15
61,[㈜칩스앤미디어]알고리즘 개발자 신입/경력 채용 공고,2018-06-21
62,[미래인재센터]플랜잇파트너스 채용연계형 인턴사원 모집 ,2018-06-21
63,[네이버] 데이터 과학 페스티벌 ‘Data Science Competition 2018’ ...,2018-06-29
64,[네이버] 클로바 인공지능 아이디어 챌린지 공모전 (~7.8까지),2018-07-02
65,[KIST] 로봇미디어연구소 인턴연구원 채용 공고(~08.05까지),2018-07-02
66,[현대중공업그룹] 2018년도 신입 연구원 채용 안내(~7/8),2018-07-02
67,[(주)캐스트이즈] 2018년 병역특례 전문요원 모집,2018-07-16
68,[NHN엔터테인먼트] 클라우드시스템 개발인턴 모집,2018-07-16
69,[EAAFP]  IT Assistant 모집 안내,2018-07-16
70,[한국무역정보통신] 직원 모집 안내 (~09.21),2018-08-29
71,[현대엔지니어링] 2018 하반기 신입사원 모집 안내,2018-08-29
72,[LF] 2018년 하반기 신입사원 공개채용(09.03~09.18),2018-08-30
73,[KOLON] 2018년 하반기 코오롱그룹 대졸 신입사원 모집(~09.17),2018-09-10
74,LG CNS 『Code Monster 2018』 신입사원 채용(~09.20),2018-09-10
75,홈페이지 제작 관련 아르바이트 모집,2018-09-12
76,[엔씨소프트] 2018 신입사원 공개모집(~10.11) ,2018-09-21
77,[한국IBM] 2018 한국IBM Wild Blue 공개채용(~10.16),2018-10-01
78,금융결제원 신입직원 채용공고(~10.15),2018-10-01
79,스마트폰/서버 응용프로그램 아르바이트,2018-10-08
80,홈페이지 디자인 및 웹사이트 구축 알바 모집,2018-10-08
81,[뱅크웨어글로벌] 2018년도 신입직원 채용안내(~ 10.30),2018-10-22
82,[법무법인 다승] 포토샵&디자인 가능 아르바이트 모집,2018-10-22
83,<2018 International Open Data Conference> 참가자 모집 ,2018-10-25
84,[삼성전자] 삼성(전자계열) 협력사 채용한마당 단체참가 모...,2018-10-25
85,[인하대학교 미래인재개발원] 공모전 안내,2018-10-25
86,[동서식품] 신입사원 채용공고(~ 11.9) ,2018-10-25
87,도서관 학술정보활용교육 안내("A+리포트완전정복" ...,2018-10-30
88,지문인식 테스트 보조 아르바이트 모집,2018-11-05
89,[삼성SDS] Techtonic 2018 행사 안내,2018-11-06
90,[주한스웨덴대사관] 11월 18일 스웨덴 석사 유학 박람회 안내 ,2018-11-08
91,[체육대학] 취업박람회(Job Fair) 개최 안내,2018-11-09
92,[도로교통공단] 2018년도 2차 NCS 기반 신규직원 공개채용 안내,2018-11-09
93,2018 Leading Korea Job Festival 안내,2018-11-09
94,[KOSSCON2018] 공개sw 컨퍼런스 참가 안내,2018-11-14
95,과학기술정보통신부 개최 <2018 미래융합포럼> 안내 ,2018-11-14
96,2018 제2차 KB굿잡 우수기업 취업박람회 안내,2018-11-15
97,2018 우수벤처기업 캠퍼스 리크루팅 페어 안내,2018-11-16
98,[Curiosity Project Team] 경희대학교 아취멘 콘서트 ,2018-11-19
99,2018 대한민국 산업기술 R&D 대전,2018-11-19
100,현대자동차 경력직(석박사급) 채용 안내,2018-11-20
101,KAIST 국제개발협력센터 기술 자문 ICT 전문가 모집,2018-11-21
102,SBI저축은행 대졸신입 공채 안내 (~11/26까지),2018-11-23
103,글로벌미래교육원 학생지원 프로그램 설명회 개최안내(12.5),2018-11-28
104,[LS-Nikko동제련] 신입사원 채용안내,2018-11-28
105,[현대엔지비]현대차표준 SW플랫폼 기반 차량제어이해과정 수...,2018-11-28
106,[맵퍼스] 2019년 대졸신입 공채 안내,2018-11-30
107,[EY한영] EY Asia-Pacific Cyber Challenge Competition 안내,2018-11-30
108,[(주)하이딥] 신입/경력 및 전문연구요원 (병역특례) 채용 안...,2018-12-06
109,현대자동차 ICT본부 디지털혁신사업부 석/박사 공채 및 경력...,2018-12-11
110,소프트웨어융합대학 행정실 근로학생 모집안내,2018-12-13
111,[(주)에이치앤에스] 채용공고 안내 ,2018-12-20
112,[한국정보산업연합회] 2019년 상반기 ICT학점연계프로젝트인...,2018-12-24
113,[현대삼호중공업] 2018년 하반기 대졸 신입사원 채용안내,2018-12-27
114,Tezos Blockchain Camp 안내,2018-12-31
115,[테크노베이션파트너스] 2019년 채용공고 안내,2019-01-04
116,주)이카운트 전문연구요원 추천채용 협조요청,2019-01-29
117,[현대자동차] 2019년 현대자동차 수소연료전지 R&D 신입/경력 ...,2019-02-01
118,(주)에너시스 C# 프로그래밍 가능자 신입사원 모집안내,2019-02-07
119,[코비젼] 2019년 상반기 전문연구요원 및 대졸신입 개발자 모...,2019-02-12
120,프로그래머스 2019 웹개발자 리모트 잡페어 안내 ,2019-02-12
121,[풍림무약(주)] 신입/경력 채용 안내,2019-02-12
122,[현대자동차 재경본부] 2019년 현대자동차 재경본부 신입사원...,2019-02-15
123, (주)미디어텍코리아 채용공고 안내,2019-02-22
124,[우아한형제들] 전문연구요원(전직/신규편입) 모집안내,2019-02-22
125,[현대중공업그룹] 2019년도 상반기 우수인재 추천채용 안내 ,2019-02-27
126,[에스앤에스이앤지(주)] 석/박 전공 전문연구요원(편입/전입)...,2019-02-27
127, [현대오트론] 2019년 상반기 현대오트론 신입사원 채용,2019-02-27
128,2019 상반기 SK주식회사 C&C 수시 채용 (~3월10일 24:00) ,2019-02-27
129,[한화시스템/시스템]  2019년 상반기 신입사원 모집 및 캠퍼스...,2019-03-07
130,[삼성전자] CE/IM부문 무선사업부 캠퍼스리크루팅 안내,2019-03-07
131,[LG화학] 2019 상반기 학사 신입사원 채용 안내,2019-03-07
132,[현대카드/캐피탈/커머셜] 2019 Summer Internship 모집 안내 (기획...,2019-03-07
133,[LINE] SW개발 주3일 인턴(정규직 채용 연계형) 공개채용 안내,2019-03-07
134,[네이버] Date Science Competition 2019  [데이터 과학 페스티벌] (~3/3...,2019-03-07
135,[한경디스코] 삼성전자 LSI사업부 채용상담회 안내,2019-03-07
136,2019년 상반기 KT그룹 신입사원/석박사/4차산업아카데미 인턴 ...,2019-03-14
137,[셀트리온 채용] 경희대학교 채용설명회 사전 신청 안내 (3/11...,2019-03-14
138,[(주)텔리언] 전문연구요원 채용 안내,2019-03-14
139,[롯데그룹] 2019 상반기 신입채용 및 경희대 캠퍼스리크루팅 ...,2019-03-14
140,[네이버] Date Science Competition 2019  [데이터 과학 페스티벌] (~3/3...,2019-03-14
141,[SK실트론] 2019 SK실트론 신입사원 수시채용 안내,2019-03-14
142,[LG그룹]S&I Corp. 건설 채용형 인턴십 채용 런치설명회 및 채용...,2019-03-14
143,[한화케미칼] 한화케미칼 2019년 상반기 신입사원 모집 및 리...,2019-03-14
144,『2019년 상반기 셀트리온 그룹 신입/경력 채용 』 (~03.28(목) 1...,2019-03-15
145,[ASML] 2019 상반기 ASML Korea 신입/경력사원 채용안내 (~4/7) ,2019-03-15
146,2019 WISET 취업탐색 멘토링 이공계 여대학(원)생 멘티모집 안...,2019-03-15
147,한국과학기술정보연구원 지능형인프라연구단 박사후연구원...,2019-03-15
148,[한화큐셀 채용] 본사 초청 Job Fair 안내 <4/5 금>,2019-03-18
149,[NAVER] 대학(원)생 기술창업 공모전 (서류접수~05/13  ),2019-03-18
150,[삼성증권] 2019 상반기 신입사원 공개채용 안내,2019-03-18
151,재단법인 차세대융합기술연구원 병역특례전문연구요원 채...,2019-03-19
152,일본 기업 채용 설명회 안내 (일본 현지 UT테크놀로지 인력 ...,2019-03-19
153,[한국에스리] 채용공고 안내,2019-03-20
154,[LIG넥스원] 2019 상반기 신입/경력사원 채용안내,2019-03-20
155, [한화파워시스템] 2019년 상반기 신입사원 모집 안내,2019-03-20
156,사단법인 전통문화연구회 직원 모집 안내,2019-03-20
157,[LF] 2019 정규직 전환형 하계인턴 공개채용 안내(~4/2),2019-03-20
158,[신세계아이앤씨] 2019 상반기 신입사원 채용 안내 ,2019-03-25
159,[전국경제인연합회] 2019 전국경제인연합회 신입 및 경력직원...,2019-03-25
160,[이테크건설] 2019 상반기 대졸 신입사원 채용(~04.15 MON 11:00),2019-03-25
161,[11번가] 2019 상반기 11번가 인턴사원 채용안내(3/25~4/8),2019-03-25
162,(공고 수정) *LIG넥스원 -2019 상반기 신입/경력사원 채용안내,2019-03-25
163, 2019 현대자동차 국내영업본부 신입사원 상시채용 및 사옥초...,2019-04-01
164,[DB그룹] 2019년 상반기 신입공채 안내,2019-04-01
165,[한화갤러리아] 한화갤러리아 2019년 하계 채용전제형 인턴사...,2019-04-01
166,김·장 법률사무소 채용공고 안내,2019-04-01
167,[월드퀀트] 2019 International Quant Championship 안내,2019-04-04
168,[한샘] 2019년 상반기 한샘 영업직 신입 공채 일반전형 / 홈리...,2019-04-04
169,[동원그룹] 2019년 상반기 동원그룹 채용연계형 인턴 모집 및 ...,2019-04-04
170,[GS SHOP] 19년 상반기 대졸신입공채 안내,2019-04-04
171,[데상트코리아]2019년 신입공개채용 공고,2019-04-08
172,[MakinaRocks] 마키나락스 채용공고 안내,2019-04-08
173,[커리어투어] IT전공자를 위한 코오롱 대기업 기업탐방/멘토...,2019-04-08
174,[하포리서치코리아] 사내 설명회 및 인턴/신입 채용 안내,2019-04-11
175,<채용공고 시안 변경> [동원그룹] 2019년 상반기 동원그룹...,2019-04-11
176,[한화첨단소재] 2019 상반기 Global 신입공채·석/박사 산학장�...,2019-04-11
177,[삼성화재서비스] 2019년 상반기 신입사원 공개채용(대졸/전...,2019-04-11
178,한미글로벌 2019 상반기 신입사원 채용 (접수 ~4/22 MON 24:00),2019-04-11
179,라쿠텐주식회사 Web Application 엔지니어 모집안내,2019-04-18
180,[채용공고] 세아상역 2019 하반기 대졸 신입사원 공개채용(~5/1...,2019-04-22
181, [한국NSK] 2019 신입 및 경력사원 모집 ,2019-04-23
182,2019 현대자동차 생산기술본부 신입사원 상시채용 (~5.6/월),2019-04-23
183,[경보제약] 2019년 경보제약 신입사원 수시채용 안내,2019-04-23
184,[LIG넥스원]  LIG넥스원 임베디드 SW개발(레이다) 수시채용 안...,2019-04-23
185,[프로그래머스] 2019 썸머코딩(여름 스타트업 인턴십 프로그...,2019-04-24
186,[우리에프아이에스]2019년 상반기 신입사원 채용안내,2019-04-29
187,[보령제약] 2019년 보령제약 신입/경력사원 공개채용 안내,2019-04-29
188,롯데그룹 2019년 상반기 인턴·SPEC태클 채용 안내 (~5/15),2019-04-29
189,(주)수아랩 채용공고 안내,2019-04-29
190,[이베이코리아] 2019년 상반기 인턴십 안내,2019-04-29
191,2019 로레알 코리아 Summer Internship (~5/15),2019-04-29
192,[LIG넥스원]  LIG넥스원 HRD 담당자 수시채용  (~5.8까지 접수),2019-05-02
193,2019 현대자동차 재경본부(공장원가관리) 신입 상시채용 (~5.13...,2019-05-02
194,2019 크래프톤 하계인턴 채용 (~5/8),2019-05-02
195,[엔씨소프트] 2019 Summer 인턴 공개모집 안내(5/14 13시까지),2019-05-02
196,[현대위아] 현대위아 2019년 채용연계형 하계인턴 모집 (~5.13/...,2019-05-02
197,(주)수아랩 채용공고 안내,2019-05-07
198,[과학기술정보통신부] 2019년 글로벌 ICT 학점연계 프로젝트 ...,2019-05-07
199,[과학기술정보통신부] 2019년 국내 ICT 학점연계 프로젝트 인...,2019-05-07
200,전국대학연합 엔터테인먼트 스타트업 '달고나' 개발팀...,2019-05-09
201,2019 신한금융투자 상반기 신입사원 공개채용 (~5/15),2019-05-09
202,[LIG넥스원] LIG넥스원 2019년 상반기 채용연계형 국내사업(영...,2019-05-10
203,일진그룹 2019년 상반기 신입공채 및 캠퍼스리쿠르팅 일정 안...,2019-05-10
204,[코오롱] 5월 코오롱인더스트리 기업탐방 - B2B영업 사업기획...,2019-05-10
205,2019 게임빌 NGDC 8기 공개채용 (신입 공개채용) (~6/3),2019-05-13
206,[신입] 11번가 검색랭킹/추천로직 개발분야 모집 (석사),2019-05-13
207, ★네이버웹툰 자회사★ [LICO] 2019 Summer Internship(채용형) 인턴...,2019-05-13
208,2019 신한금융투자 상반기 신입사원 공개채용 (~5/15),2019-05-13
209,2019 한온시스템 상반기 인턴 공개채용 (~5/17(금)),2019-05-13
210,[신입] 11번가 검색랭킹/추천로직 개발분야 모집 (석사),2019-05-14
211,[(주) 신보] 2019 상반기 (주) 신보 신입공채 모집 안내,2019-05-14
212,2019 상반기 신한DS 신입사원 모집 및 채용상담회 안내(5.22/수),2019-05-14
213,(신영증권) 2019년 상반기 공개 채용 안내,2019-05-14
214,2019 스마일게이트 직무체험 인턴십 채용(~5/23),2019-05-15
215,[하포리서치코리아] 사내 설명회(5/17) 및 인턴/신입 모집 안...,2019-05-15
216,★네이버웹툰 자회사★ [LICO] 2019 Summer Internship(채용형) 인턴 ...,2019-05-15
217,[엠큐닉] 신입 개발자 모집안내 ,2019-05-16
218,[골프존뉴딘그룹] 2019년 채용연계형 Internship 안내,2019-05-21
219,2019년 하반기 세아상역 재학생 (PCT) 공개채용 <~6월 12일까...,2019-05-22
220,2019 컴투스 SUMMER  인턴십 모집(~6.3 월),2019-05-22
221,[딥바이오] 2019 채용안내,2019-05-27
222,2019 현대엠엔소프트 채용연계형 인턴 / 경력사원 수시채용(~6...,2019-05-27
223,[아성다이소] 수시채용 안내(~5/31까지),2019-05-29
224,2019 현대자동차 H-Experience(인턴) 채용 (~6.2/일),2019-05-29
225,[현대자동차] 2019 현대자동차 재경본부 신입사원 상시채용 (~...,2019-05-29
226,Javascript(자바스크립트/Vue.js/Node.js) 개발자 (인턴/신입) 모집,2019-05-31
227,2019 스마일게이트 개발 멤버십 모집,2019-06-05
228,[BGF리테일] 2019 하계 인턴십(채용연계형/프로젝트) 채용안내(...,2019-06-19
229,[한국NSK] 2019 한국NSK 신입 및 경력사원 수시채용,2019-06-19
230,[KITA 해외취업 개별면접회] (주)Persol R&D 정규직 채용 안내(~7/5...,2019-06-27
231,[현대자동차] 2019 현대자동차 구매본부 신입사원/경력사원 ...,2019-06-27
232,네이버 D2 CAMPUS FEST mini 썸머챌린지 참가팀(개인포함) 모집 ,2019-06-27
233,(주) 오토웨어 에서 응용 프로그래머 (신입 밎 경력) 채용안...,2019-07-08
234,[스켈터랩스] 채용 모집 안내,2019-08-12
235, 4차 산업과 중증(시각)장애인과의 연결고리 및 과제에 관한 ...,2019-08-12
236,[세아홀딩스] 디지털혁신팀 인턴 모집(~8/14 자정),2019-08-12
237,코아리버 병역특례 석박사연구원 긴급 채용안내,2019-08-13
238,GHR 투자자문 프로그래밍관련업무직원 채용안내,2019-08-19
239,[비스텔] AI/빅데이터-Data Scientist 연구개발 채용안내 ,2019-08-19
240,누베베 미병연구소 학생 연구원(인턴)모집 안내,2019-08-23
241,[LG그룹] S&I Corp. 2019년 하반기 신입사원 채용안내,2019-08-29
242,[삼성카드] 2019 하반기 삼성카드 신입사원 공개채용 안내,2019-08-29
243,[현대자동차] 2019 현대자동차 R&D 미래인재 채용 (~9.16/월),2019-08-29
244,[코오롱그룹] 2019년 하반기 대졸신입사원 모집안내,2019-08-29
245,[우리금융그룹]2019 글로벌캠퍼스 Job Festa 안내,2019-08-29
246,[삼성물산 건설부문] 2019 하반기 신입사원 채용 ,2019-09-02
247,[현대엔지니어링] 2020 현대엔지니어링 신입사원 모집 ,2019-09-02
248,[NHN] 2019 하반기 기술부문 신입사원 공개채용 및 런치설명회 ...,2019-09-02
249,LF 2019 하반기 신입사원 공개채용 안내,2019-09-09
250,[한화파워시스템] 2019 한화파워시스템 하반기 신입사원 모집...,2019-09-09
251,[현대제철] 2019년 현대제철 신입 수시채용(~9/11 수 14시),2019-09-09
252,[S-OIL] 2019 하 S-OIL 신입사원 채용,2019-09-09
253,[삼양그룹] 2019 하반기 삼양그룹 신입사원 모집 (~9.22/일),2019-09-09
254,[동원그룹] 2019년 하반기 동원그룹 신입사원 모집 및 캠퍼스 ...,2019-09-09
255,[LG상사] 2019 하반기 대졸신입/인턴십 채용,2019-09-09
256,[삼성생명] 2019 하반기 신입사원 공개채용 (2019.9.5~16),2019-09-09
257,[LINE SW개발 DEVEL-UP 인턴십(정규직 채용 연계형) 공개채용],2019-09-09
258,일본 대기업 Softbank 하반기 신입사원모집,2019-09-09
259,2019 한화에너지 하반기 신입사원 채용(~9/23(월)),2019-09-09
260,Realtek(리얼텍)채용 안내,2019-09-16
261,2019 LS그룹 하반기 신입사원 채용안내,2019-09-17
262,KITA일본채용박람회[2019 Bridge Job Fair(서울)] 안내,2019-09-17
263,[한경디스코] 한국IBM 2020 Wild Blue 신입사원 채용안내,2019-09-17
264,ASML Korea 2019 하반기 신입/경력사원 채용 (~9/30월),2019-09-17
265,[OCI] 2019 하반기 신입사원 모집 ,2019-09-17
266,[코오롱그룹] 2019년 하반기 대졸신입사원 채용공고 안내,2019-09-17
267,2019 하반기 롯데그룹 신입사원 채용(~9/23),2019-09-17
268,신한은행 디지털/ICT 채용안내,2019-09-23
269,[메디톡스] 2019 하반기 메디톡스 신입/경력 공개채용 (~10.6일...,2019-09-23
270,스타트업 캔버스 웹개발자 구인안내,2019-09-23
271,[LIG넥스원] 2019년 하반기 LIG넥스원 신입/경력사원 공개채용 (...,2019-09-23
272, [대우건설] 2019년 하반기 신입사원 채용(9/16~10/1),2019-09-26
273,[티맥스그룹] 채용연계형 인턴 모집,2019-09-26
274,[ LS엠트론 하반기 신입/경력사원 채용 (~9/30월) ],2019-09-26
275,2019년 하반기 베스핀글로벌 신입 공개채용 모집,2019-09-27
276,엔씨소프트 2019하반기 신입사원 공개채용 ,2019-09-27
277,[동서식품(주)] 채용공고 ,2019-10-01
278,[스마일게이트] 2019 신입사원 공개채용(~10/10),2019-10-01
279,2019 하반기 신세계아이앤씨 신입사원 모집,2019-10-01
280,[위메프] 2019 위메프 신입개발자 채용 ,2019-10-02
281,[한미글로벌] 2019 하반기 한미글로벌 신입사원 채용 (~10/21),2019-10-02
282,[뷰웍스] 2020 신입사원 공개채용,2019-10-02
283,[현대모비스] 2019 연구소 우수인재 모집 (~10월 13일 마감),2019-10-04
284,2019 하반기 크래프톤 신입 공채안내,2019-10-08
285,(마감임박)[게임빌 컴투스] 2019 게임빌 컴투스 신입 공개채용...,2019-10-08
286,[현대자동차] 2019 현대자동차 국내사업본부 H-Experience(인턴 ...,2019-10-14
287,마이다스아이티 2019년 하반기 신입사원 채용안내,2019-10-14
288,(주)아름누리메디컴 2019 하반기 신입사원 채용공고,2019-10-15
289,[현대건설] 2020 현대건설 신입사원 채용공고 안내(~10.31/목),2019-10-17
290,[대한유화] 대한유화 2019 대졸 신입사원 공개채용 (~10/28),2019-10-21
291,[삼성화재서비스] 2019 하반기 삼성화재서비스 신입사원 채용...,2019-10-21
292,롯데그룹 2019 하반기 인턴·SPEC태클 채용 안내,2019-10-22
293,[현대자동차] 2019 하반기 연구장학생 모집 안내 (~11.11/월) ,2019-10-29
294,(주)쎄트렉아이 하반기 채용안내,2019-10-29
295,[현대자동차] 현대자동차 재경본부 신입 상시채용 (~11/10),2019-10-30
296,중소기업 스마트일자리 대전 행사 안내,2019-11-06
297,[맵퍼스] 2020년 대졸신입 공개채용 ,2019-11-28
298,한국 오라클 - 신입사원 채용 안내,2019-11-28
299,(주)엠로 2020년 신입 JAVA 개발자 공개채용 안내,2019-12-02
300,[소만사] 전문연구요원 모집 안내,2020-02-27
301,[Cadence] R&D Software Engineer 채용안내,2020-02-27
302,[LS산전] 20년 상반기 신입사원 공개채용 안내,2020-02-27
303,Ericsson-LG Enterprise 신입/경력 인재 채용,2020-02-28
304,알파사이츠 그룹 채용안내,2020-02-28
305,[한국IBM] 2020 Application Developer 신입사원 모집 (~3/15 자정),2020-02-28
306,공군사관학교 컴퓨터과학 교수사관(제145기) 모집 안내,2020-03-02
307,2020 상반기 롯데그룹 신입 채용 안내 (33개 계열사 채용),2020-03-10
308,[LINE] 2020 SW개발 신입 LINER 공개채용,2020-03-11
309,JTI 그룹 채용안내,2020-03-11
310,2020 11번가 인턴 채용(전환형) 채용 안내 ,2020-03-17
311,[네이버] NAVER CAMPUS HACKDAY 2020 <네이버 개발자와 함께하는 ...,2020-03-17
312,[포스코그룹] '20상 포스코그룹 신입사원 채용 공고 (~3.31 ...,2020-03-17
313,2020 상반기 SK텔레콤 Junior Talent(정기/수시채용) 모집 안내 ,2020-03-31
314,[DB그룹] 2020 상반기 신입사원 모집 (~4/16(목) 17:00),2020-03-31
315,[SK그룹] 2020 상반기 신입채용 안내,2020-03-31
316,[현대자동차] 2020 연구개발본부 신입 상시 채용(~4.12/일),2020-03-31
317,[삼성SDI] 2020년 상반기 신입사원 채용 "랜선 리크루팅&quot...,2020-04-02
318,캠퍼스 기술창업팀을 위한 네이버 D2SF 공모전(~5/31) ,2020-04-02
319,[현대위아] 2020년 채용연계형 인턴사원 모집 ,2020-04-02
320,[LIG넥스원] 2020 상반기 LIG넥스원 신입/경력사원 공개채용,2020-04-10
321,[삼성전기] 2020년 상반기 신입사원 채용 및 대학생 인턴 모집,2020-04-10
322,[인포그램] 소프트웨어 엔지니어 인턴(수습) 및 정규 직원 채...,2020-04-10
323,[삼성 에스원] '20(상) 3급 신입 채용 안내,2020-04-10
324,[현대자동차] 2020 현대자동차 연구개발본부 신입 상시 채용,2020-04-10
325,SK텔레콤 AI Fellowship 2기 선발(~4월23일 18시까지) ,2020-04-10
326,JTI 그룹 채용공고 안내,2020-04-17
327,카카오 그룹 채용 안내,2020-04-21
328,[우아한형제들] 2020 상반기 우아한테크캠프(웹 프론트엔드) ...,2020-04-21
329,[blank.] 블랭크코퍼레이션 채용안내,2020-04-21
330,2020 상반기 동원그룹 채용연계형 인턴모집 안내 (~5.19까지 접...,2020-04-29
331,(국가정보원) 2020년도 7급 정기공채 채용 관련 안내,2020-05-08
332,(EA) 2020 상반기 EA Korea 신입 전환형 인턴 채용안내,2020-05-08
333,[대림산업] 2020 상반기 대림산업 신입채용(~5/10),2020-05-08
334,2020 Summer Coding - 여름방학 스타트업 인턴 개발자 모집(5.22 17...,2020-05-08
335,한숲중학교 기간제교사 채용 공고,2020-05-19
336,[AJ그룹] 2020년 상반기 신입/경력 공개채용 안내,2020-05-19
337, '한국어해독 인공지능 경진대회' 안내,2020-05-19
338,써모피셔 사이언티픽 코리아 채용 안내,2020-05-19
339,[스마일게이트]멤버십 창작(개발) 부문 대외활동 모집 안내,2020-05-27
